{"cameraMode":{"drawMode":0,"name":"Shaded","section":"Shading Mode"},"sceneLighting":true,"audioPlay":false,"sceneViewState":{"m_AlwaysRefresh":false,"showFog":true,"showSkybox":true,"showFlares":true,"showImageEffects":true,"showParticleSystems":true,"showVisualEffectGraphs":true,"m_FxEnabled":true},"in2DMode":false,"pivot":{"x":-0.01482921838760376,"y":1.8920819759368897,"z":-2.7363641262054445},"rotation":{"x":0.2983546257019043,"y":-0.482500821352005,"z":0.17841973900794984,"w":0.8044417500495911},"size":40.37188720703125,"orthographic":true}