{"cameraMode":{"drawMode":0,"name":"Shaded","section":"Shading Mode"},"sceneLighting":true,"audioPlay":false,"sceneViewState":{"m_AlwaysRefresh":false,"showFog":true,"showSkybox":true,"showFlares":true,"showImageEffects":true,"showParticleSystems":true,"showVisualEffectGraphs":true,"m_FxEnabled":true},"in2DMode":false,"pivot":{"x":-0.061756134033203128,"y":-2.5992684364318849,"z":4.316271781921387},"rotation":{"x":-0.3721657991409302,"y":0.5379103422164917,"z":-0.28589338064193728,"w":-0.7005628943443298},"size":13.881124496459961,"orthographic":true}