{"cameraMode":{"drawMode":0,"name":"Shaded","section":"Shading Mode"},"sceneLighting":true,"audioPlay":false,"sceneViewState":{"m_AlwaysRefresh":false,"showFog":true,"showSkybox":true,"showFlares":true,"showImageEffects":true,"showParticleSystems":true,"showVisualEffectGraphs":true,"m_FxEnabled":true},"in2DMode":false,"pivot":{"x":-12.632477760314942,"y":-47.989051818847659,"z":2.5078182220458986},"rotation":{"x":-0.28029555082321169,"y":-0.18684034049510957,"z":0.055694274604320529,"w":-0.9399262070655823},"size":34.11792755126953,"orthographic":false}