{"cameraMode":{"drawMode":0,"name":"Shaded","section":"Shading Mode"},"sceneLighting":true,"audioPlay":false,"sceneViewState":{"m_AlwaysRefresh":false,"showFog":true,"showSkybox":true,"showFlares":true,"showImageEffects":true,"showParticleSystems":true,"showVisualEffectGraphs":true,"m_FxEnabled":true},"in2DMode":false,"pivot":{"x":-17.35936737060547,"y":1.6400270462036133,"z":-0.8108953833580017},"rotation":{"x":0.04340323060750961,"y":-0.8554195761680603,"z":0.0728948712348938,"w":0.5118487477302551},"size":0.1699880063533783,"orthographic":true}