{"cameraMode":{"drawMode":0,"name":"Shaded","section":"Shading Mode"},"sceneLighting":true,"audioPlay":false,"sceneViewState":{"m_AlwaysRefresh":false,"showFog":true,"showSkybox":true,"showFlares":true,"showImageEffects":true,"showParticleSystems":true,"showVisualEffectGraphs":true,"m_FxEnabled":true},"in2DMode":false,"pivot":{"x":-3.9182376861572267,"y":1.9800171852111817,"z":-0.2543032169342041},"rotation":{"x":-0.413914293050766,"y":-0.029374349862337114,"z":0.014544613659381867,"w":-0.9100411534309387},"size":25.72391700744629,"orthographic":true}