{"cameraMode":{"drawMode":0,"name":"Shaded","section":"Shading Mode"},"sceneLighting":true,"audioPlay":false,"sceneViewState":{"m_AlwaysRefresh":false,"showFog":true,"showSkybox":true,"showFlares":true,"showImageEffects":true,"showParticleSystems":true,"showVisualEffectGraphs":true,"m_FxEnabled":true},"in2DMode":false,"pivot":{"x":-17.93351173400879,"y":0.17438697814941407,"z":2.988722801208496},"rotation":{"x":0.22168149054050446,"y":0.5615233182907105,"z":-0.16014094650745393,"w":0.781420886516571},"size":13.026561737060547,"orthographic":true}