{"cameraMode":{"drawMode":0,"name":"Shaded","section":"Shading Mode"},"sceneLighting":false,"audioPlay":false,"sceneViewState":{"m_AlwaysRefresh":false,"showFog":true,"showSkybox":true,"showFlares":true,"showImageEffects":true,"showParticleSystems":true,"showVisualEffectGraphs":true,"m_FxEnabled":true},"in2DMode":false,"pivot":{"x":1.7301115989685059,"y":-5.035170555114746,"z":-0.8043270111083984},"rotation":{"x":0.18874797224998475,"y":-0.7978265285491943,"z":0.47824111580848696,"w":0.31488290429115298},"size":18.560205459594728,"orthographic":false}