{"cameraMode":{"drawMode":0,"name":"Shaded","section":"Shading Mode"},"sceneLighting":true,"audioPlay":false,"sceneViewState":{"m_AlwaysRefresh":false,"showFog":true,"showSkybox":true,"showFlares":true,"showImageEffects":true,"showParticleSystems":true,"showVisualEffectGraphs":true,"m_FxEnabled":true},"in2DMode":false,"pivot":{"x":3.7171578407287599,"y":1.751490592956543,"z":10.086762428283692},"rotation":{"x":-0.06070435047149658,"y":-0.761004626750946,"z":0.07151683419942856,"w":-0.6426535844802856},"size":2.1353631019592287,"orthographic":true}