{"cameraMode":{"drawMode":0,"name":"Shaded","section":"Shading Mode"},"sceneLighting":true,"audioPlay":false,"sceneViewState":{"m_AlwaysRefresh":false,"showFog":true,"showSkybox":true,"showFlares":true,"showImageEffects":true,"showParticleSystems":true,"showVisualEffectGraphs":true,"m_FxEnabled":true},"in2DMode":false,"pivot":{"x":-15.057939529418946,"y":1.2647613286972047,"z":-0.5348970890045166},"rotation":{"x":-0.41837018728256228,"y":0.20357675850391389,"z":-0.0955195501446724,"w":-0.8803250789642334},"size":24.616188049316408,"orthographic":true}