{"cameraMode":{"drawMode":0,"name":"Shaded","section":"Shading Mode"},"sceneLighting":true,"audioPlay":false,"sceneViewState":{"m_AlwaysRefresh":false,"showFog":true,"showSkybox":true,"showFlares":true,"showImageEffects":true,"showParticleSystems":true,"showVisualEffectGraphs":true,"m_FxEnabled":true},"in2DMode":false,"pivot":{"x":-8.341917991638184,"y":-1.5318918228149415,"z":0.21537399291992188},"rotation":{"x":0.5090503692626953,"y":-0.2743196487426758,"z":0.17415925860404969,"w":0.7974116802215576},"size":25.23971939086914,"orthographic":true}