{"cameraMode":{"drawMode":0,"name":"Shaded","section":"Shading Mode"},"sceneLighting":true,"audioPlay":false,"sceneViewState":{"m_AlwaysRefresh":false,"showFog":true,"showSkybox":true,"showFlares":true,"showImageEffects":true,"showParticleSystems":true,"showVisualEffectGraphs":true,"m_FxEnabled":true},"in2DMode":false,"pivot":{"x":18.64374542236328,"y":0.5491371154785156,"z":-17.667104721069337},"rotation":{"x":-0.11990641057491303,"y":0.8687317967414856,"z":-0.2562253177165985,"w":-0.40654298663139346},"size":21.921428680419923,"orthographic":false}