{"cameraMode":{"drawMode":0,"name":"Shaded","section":"Shading Mode"},"sceneLighting":true,"audioPlay":false,"sceneViewState":{"m_AlwaysRefresh":false,"showFog":true,"showSkybox":true,"showFlares":true,"showImageEffects":true,"showParticleSystems":true,"showVisualEffectGraphs":true,"m_FxEnabled":true},"in2DMode":false,"pivot":{"x":-15.082267761230469,"y":1.0266993045806885,"z":-0.5099997520446777},"rotation":{"x":0.026058105751872064,"y":0.8784570097923279,"z":-0.47528716921806338,"w":0.04977647215127945},"size":4.404818534851074,"orthographic":true}