{"cameraMode":{"drawMode":0,"name":"Shaded","section":"Shading Mode"},"sceneLighting":true,"audioPlay":false,"sceneViewState":{"m_AlwaysRefresh":false,"showFog":true,"showSkybox":true,"showFlares":true,"showImageEffects":true,"showParticleSystems":true,"showVisualEffectGraphs":true,"m_FxEnabled":true},"in2DMode":false,"pivot":{"x":-7.155214309692383,"y":18.230445861816408,"z":5.295223236083984},"rotation":{"x":-0.10507164150476456,"y":-0.029553264379501344,"z":0.0030893641524016859,"w":-0.9940433502197266},"size":32.14569854736328,"orthographic":false}