{"cameraMode":{"drawMode":0,"name":"Shaded","section":"Shading Mode"},"sceneLighting":true,"audioPlay":false,"sceneViewState":{"m_AlwaysRefresh":false,"showFog":true,"showSkybox":true,"showFlares":true,"showImageEffects":true,"showParticleSystems":true,"showVisualEffectGraphs":true,"m_FxEnabled":true},"in2DMode":false,"pivot":{"x":2.3506832122802736,"y":-2.3465099334716799,"z":-0.4786338806152344},"rotation":{"x":-0.09269003570079804,"y":0.9024772644042969,"z":-0.24424739181995393,"w":-0.34247830510139468},"size":19.316936492919923,"orthographic":false}