{"cameraMode":{"drawMode":0,"name":"Shaded","section":"Shading Mode"},"sceneLighting":false,"audioPlay":false,"sceneViewState":{"m_AlwaysRefresh":false,"showFog":true,"showSkybox":false,"showFlares":true,"showImageEffects":true,"showParticleSystems":true,"showVisualEffectGraphs":true,"m_FxEnabled":true},"in2DMode":false,"pivot":{"x":-17.339048385620118,"y":1.1680006980895997,"z":-1.7899999618530274},"rotation":{"x":0.0983692929148674,"y":-0.36281517148017886,"z":0.03871114179491997,"w":0.9259776473045349},"size":1.4013257026672364,"orthographic":true}