{"cameraMode":{"drawMode":0,"name":"Shaded","section":"Shading Mode"},"sceneLighting":false,"audioPlay":false,"sceneViewState":{"m_AlwaysRefresh":false,"showFog":true,"showSkybox":false,"showFlares":true,"showImageEffects":true,"showParticleSystems":true,"showVisualEffectGraphs":true,"m_FxEnabled":true},"in2DMode":false,"pivot":{"x":-0.0009942054748535157,"y":0.9116764068603516,"z":-0.009904839098453522},"rotation":{"x":0.2983546257019043,"y":-0.482500821352005,"z":0.17841973900794984,"w":0.8044417500495911},"size":1.1895939111709595,"orthographic":true}