{"cameraMode":{"drawMode":0,"name":"Shaded","section":"Shading Mode"},"sceneLighting":false,"audioPlay":false,"sceneViewState":{"m_AlwaysRefresh":false,"showFog":true,"showSkybox":false,"showFlares":true,"showImageEffects":true,"showParticleSystems":true,"showVisualEffectGraphs":true,"m_FxEnabled":true},"in2DMode":false,"pivot":{"x":7.082701683044434,"y":1.2647614479064942,"z":-7.154380798339844},"rotation":{"x":-0.0007986002019606531,"y":0.9985169768333435,"z":-0.05637260153889656,"w":-0.012910980731248856},"size":1.207162618637085,"orthographic":true}