{"cameraMode":{"drawMode":0,"name":"Shaded","section":"Shading Mode"},"sceneLighting":false,"audioPlay":false,"sceneViewState":{"m_AlwaysRefresh":false,"showFog":true,"showSkybox":false,"showFlares":true,"showImageEffects":true,"showParticleSystems":true,"showVisualEffectGraphs":true,"m_FxEnabled":true},"in2DMode":false,"pivot":{"x":0.000024785598725429736,"y":0.00001626124867470935,"z":0.000012291391612961888},"rotation":{"x":0.010488688014447689,"y":-0.0461849719285965,"z":-0.0004846459487453103,"w":-0.9988791942596436},"size":0.000017320508050033823,"orthographic":false}