{"cameraMode":{"drawMode":0,"name":"Shaded","section":"Shading Mode"},"sceneLighting":false,"audioPlay":false,"sceneViewState":{"m_AlwaysRefresh":false,"showFog":true,"showSkybox":false,"showFlares":true,"showImageEffects":true,"showParticleSystems":true,"showVisualEffectGraphs":true,"m_FxEnabled":true},"in2DMode":false,"pivot":{"x":0.4650108814239502,"y":1.1935347318649293,"z":-0.6953638792037964},"rotation":{"x":0.08271927386522293,"y":0.494637668132782,"z":-0.047245439141988757,"w":0.8639591932296753},"size":2.8937344551086427,"orthographic":true}