{"cameraMode":{"drawMode":0,"name":"Shaded","section":"Shading Mode"},"sceneLighting":false,"audioPlay":false,"sceneViewState":{"m_AlwaysRefresh":false,"showFog":true,"showSkybox":false,"showFlares":true,"showImageEffects":true,"showParticleSystems":true,"showVisualEffectGraphs":true,"m_FxEnabled":true},"in2DMode":false,"pivot":{"x":0.16593480110168458,"y":0.798896074295044,"z":0.5659399032592773},"rotation":{"x":-0.3150425851345062,"y":-0.4917604327201843,"z":0.19653384387493134,"w":-0.7876862287521362},"size":1.7616052627563477,"orthographic":true}