{"cameraMode":{"drawMode":0,"name":"Shaded","section":"Shading Mode"},"sceneLighting":false,"audioPlay":false,"sceneViewState":{"m_AlwaysRefresh":false,"showFog":true,"showSkybox":false,"showFlares":true,"showImageEffects":true,"showParticleSystems":true,"showVisualEffectGraphs":true,"m_FxEnabled":true},"in2DMode":false,"pivot":{"x":-3.7371444702148439,"y":1.8353261947631837,"z":-0.3231334686279297},"rotation":{"x":-0.21347568929195405,"y":0.36617228388786318,"z":-0.08670291304588318,"w":-0.9015706181526184},"size":9.180743217468262,"orthographic":false}